Date,MSFT
2018-01-02 00:00:00-05:00,80.22901153564453
2018-01-03 00:00:00-05:00,80.6023941040039
2018-01-04 00:00:00-05:00,81.3117904663086
2018-01-05 00:00:00-05:00,82.31991577148438
2018-01-08 00:00:00-05:00,82.40391540527344
2018-01-09 00:00:00-05:00,82.34790802001953
2018-01-10 00:00:00-05:00,81.97452545166016
2018-01-11 00:00:00-05:00,82.21722412109375
2018-01-12 00:00:00-05:00,83.63604736328125
2018-01-16 00:00:00-05:00,82.46923065185547
2018-01-17 00:00:00-05:00,84.14010620117188
2018-01-18 00:00:00-05:00,84.10275268554688
2018-01-19 00:00:00-05:00,84.00944519042969
2018-01-22 00:00:00-05:00,85.51225280761719
2018-01-23 00:00:00-05:00,85.7829818725586
2018-01-24 00:00:00-05:00,85.70829010009766
2018-01-25 00:00:00-05:00,86.18436431884766
2018-01-26 00:00:00-05:00,87.7991943359375
2018-01-29 00:00:00-05:00,87.66851806640625
2018-01-30 00:00:00-05:00,86.56706237792969
2018-01-31 00:00:00-05:00,88.68595886230469
2018-02-01 00:00:00-05:00,87.98587799072266
2018-02-02 00:00:00-05:00,85.67093658447266
2018-02-05 00:00:00-05:00,82.1425552368164
2018-02-06 00:00:00-05:00,85.25090789794922
2018-02-07 00:00:00-05:00,83.64540100097656
2018-02-08 00:00:00-05:00,79.35157775878906
2018-02-09 00:00:00-05:00,82.3105697631836
2018-02-12 00:00:00-05:00,83.19735717773438
2018-02-13 00:00:00-05:00,83.85074615478516
2018-02-14 00:00:00-05:00,85.16368103027344
2018-02-15 00:00:00-05:00,86.89866638183594
2018-02-16 00:00:00-05:00,86.27969360351562
2018-02-20 00:00:00-05:00,86.95494079589844
2018-02-21 00:00:00-05:00,85.80142211914062
2018-02-22 00:00:00-05:00,86.0265121459961
2018-02-23 00:00:00-05:00,88.21163177490234
2018-02-26 00:00:00-05:00,89.487060546875
2018-02-27 00:00:00-05:00,88.34291076660156
2018-02-28 00:00:00-05:00,87.93965148925781
2018-03-01 00:00:00-05:00,87.07684326171875
2018-03-02 00:00:00-05:00,87.2644271850586
2018-03-05 00:00:00-05:00,87.81775665283203
2018-03-06 00:00:00-05:00,87.51763153076172
2018-03-07 00:00:00-05:00,88.02405548095703
2018-03-08 00:00:00-05:00,88.55862426757812
2018-03-09 00:00:00-05:00,90.53742980957031
2018-03-12 00:00:00-04:00,90.75312805175781
2018-03-13 00:00:00-04:00,88.53985595703125
2018-03-14 00:00:00-04:00,88.01467895507812
2018-03-15 00:00:00-04:00,88.32416534423828
2018-03-16 00:00:00-04:00,88.71806335449219
2018-03-19 00:00:00-04:00,87.11437225341797
2018-03-20 00:00:00-04:00,87.33943939208984
2018-03-21 00:00:00-04:00,86.7298583984375
2018-03-22 00:00:00-04:00,84.2071304321289
2018-03-23 00:00:00-04:00,81.75940704345703
2018-03-26 00:00:00-04:00,87.94902801513672
2018-03-27 00:00:00-04:00,83.90702819824219
2018-03-28 00:00:00-04:00,83.83199310302734
2018-03-29 00:00:00-04:00,85.59508514404297
2018-04-02 00:00:00-04:00,83.01608276367188
2018-04-03 00:00:00-04:00,84.1321029663086
2018-04-04 00:00:00-04:00,86.5892105102539
2018-04-05 00:00:00-04:00,86.63607788085938
2018-04-06 00:00:00-04:00,84.61976623535156
2018-04-09 00:00:00-04:00,85.12618255615234
2018-04-10 00:00:00-04:00,87.10501861572266
2018-04-11 00:00:00-04:00,86.14842224121094
2018-04-12 00:00:00-04:00,87.761474609375
2018-04-13 00:00:00-04:00,87.29257202148438
2018-04-16 00:00:00-04:00,88.3148193359375
2018-04-17 00:00:00-04:00,90.09666442871094
2018-04-18 00:00:00-04:00,90.44363403320312
2018-04-19 00:00:00-04:00,90.1341781616211
2018-04-20 00:00:00-04:00,89.09317016601562
2018-04-23 00:00:00-04:00,89.42141723632812
2018-04-24 00:00:00-04:00,87.33009338378906
2018-04-25 00:00:00-04:00,86.5704345703125
2018-04-26 00:00:00-04:00,88.3991928100586
2018-04-27 00:00:00-04:00,89.8621826171875
2018-04-30 00:00:00-04:00,87.7052001953125
2018-05-01 00:00:00-04:00,89.09317016601562
2018-05-02 00:00:00-04:00,87.69583892822266
2018-05-03 00:00:00-04:00,88.22100830078125
2018-05-04 00:00:00-04:00,89.24322509765625
2018-05-07 00:00:00-04:00,90.23731994628906
2018-05-08 00:00:00-04:00,89.85282897949219
2018-05-09 00:00:00-04:00,90.91256713867188
2018-05-10 00:00:00-04:00,91.82223510742188
2018-05-11 00:00:00-04:00,91.62531280517578
2018-05-14 00:00:00-04:00,91.93478393554688
2018-05-15 00:00:00-04:00,91.2689208984375
2018-05-16 00:00:00-04:00,91.50440216064453
2018-05-17 00:00:00-04:00,90.59078216552734
2018-05-18 00:00:00-04:00,90.76030731201172
2018-05-21 00:00:00-04:00,91.92826843261719
2018-05-22 00:00:00-04:00,91.83407592773438
2018-05-23 00:00:00-04:00,92.92666625976562
2018-05-24 00:00:00-04:00,92.59700775146484
2018-05-25 00:00:00-04:00,92.64410400390625
2018-05-29 00:00:00-04:00,92.31441497802734
2018-05-30 00:00:00-04:00,93.1998062133789
2018-05-31 00:00:00-04:00,93.09619903564453
2018-06-01 00:00:00-04:00,94.932861328125
2018-06-04 00:00:00-04:00,95.76173400878906
2018-06-05 00:00:00-04:00,96.25152587890625
2018-06-06 00:00:00-04:00,96.53408813476562
2018-06-07 00:00:00-04:00,95.01764678955078
2018-06-08 00:00:00-04:00,95.72406005859375
2018-06-11 00:00:00-04:00,95.17777252197266
2018-06-12 00:00:00-04:00,95.42266082763672
2018-06-13 00:00:00-04:00,94.98938751220703
2018-06-14 00:00:00-04:00,95.5262451171875
2018-06-15 00:00:00-04:00,94.31121826171875
2018-06-18 00:00:00-04:00,94.99880981445312
2018-06-19 00:00:00-04:00,94.99880981445312
2018-06-20 00:00:00-04:00,95.95011901855469
2018-06-21 00:00:00-04:00,95.26254272460938
2018-06-22 00:00:00-04:00,94.574951171875
2018-06-25 00:00:00-04:00,92.67233276367188
2018-06-26 00:00:00-04:00,93.3222427368164
2018-06-27 00:00:00-04:00,91.87175750732422
2018-06-28 00:00:00-04:00,92.89838409423828
2018-06-29 00:00:00-04:00,92.87954711914062
2018-07-02 00:00:00-04:00,94.19818878173828
2018-07-03 00:00:00-04:00,93.29399108886719
2018-07-05 00:00:00-04:00,93.96273040771484
2018-07-06 00:00:00-04:00,95.2813949584961
2018-07-09 00:00:00-04:00,95.93128204345703
2018-07-10 00:00:00-04:00,96.18557739257812
2018-07-11 00:00:00-04:00,96.05370330810547
2018-07-12 00:00:00-04:00,98.13529205322266
2018-07-13 00:00:00-04:00,99.3032455444336
2018-07-16 00:00:00-04:00,98.81346893310547
2018-07-17 00:00:00-04:00,99.79300689697266
2018-07-18 00:00:00-04:00,99.0112533569336
2018-07-19 00:00:00-04:00,98.3331069946289
2018-07-20 00:00:00-04:00,100.09441375732422
2018-07-23 00:00:00-04:00,101.69562530517578
2018-07-24 00:00:00-04:00,101.4036636352539
2018-07-25 00:00:00-04:00,104.38941955566406
2018-07-26 00:00:00-04:00,103.249755859375
2018-07-27 00:00:00-04:00,101.4224853515625
2018-07-30 00:00:00-04:00,99.2467269897461
2018-07-31 00:00:00-04:00,99.91545867919922
2018-08-01 00:00:00-04:00,100.10382843017578
2018-08-02 00:00:00-04:00,101.31888580322266
2018-08-03 00:00:00-04:00,101.76156616210938
2018-08-06 00:00:00-04:00,101.8463363647461
2018-08-07 00:00:00-04:00,102.552734375
2018-08-08 00:00:00-04:00,103.1272964477539
2018-08-09 00:00:00-04:00,103.2968521118164
2018-08-10 00:00:00-04:00,102.66578674316406
2018-08-13 00:00:00-04:00,101.92168426513672
2018-08-14 00:00:00-04:00,103.19322967529297
2018-08-15 00:00:00-04:00,101.79388427734375
2018-08-16 00:00:00-04:00,101.77496337890625
2018-08-17 00:00:00-04:00,101.7182388305664
2018-08-20 00:00:00-04:00,101.04692840576172
2018-08-21 00:00:00-04:00,100.20540618896484
2018-08-22 00:00:00-04:00,101.22657775878906
2018-08-23 00:00:00-04:00,101.69930267333984
2018-08-24 00:00:00-04:00,102.49353790283203
2018-08-27 00:00:00-04:00,103.62815856933594
2018-08-28 00:00:00-04:00,104.25218963623047
2018-08-29 00:00:00-04:00,105.91629028320312
2018-08-30 00:00:00-04:00,105.85011291503906
2018-08-31 00:00:00-04:00,106.20941925048828
2018-09-04 00:00:00-04:00,105.62318420410156
2018-09-05 00:00:00-04:00,102.57864379882812
2018-09-06 00:00:00-04:00,102.81503295898438
2018-09-07 00:00:00-04:00,102.31388854980469
2018-09-10 00:00:00-04:00,103.42015075683594
2018-09-11 00:00:00-04:00,105.17880249023438
2018-09-12 00:00:00-04:00,105.62318420410156
2018-09-13 00:00:00-04:00,106.7578125
2018-09-14 00:00:00-04:00,107.19275665283203
2018-09-17 00:00:00-04:00,106.02976989746094
2018-09-18 00:00:00-04:00,107.04146575927734
2018-09-19 00:00:00-04:00,105.61373138427734
2018-09-20 00:00:00-04:00,107.38186645507812
2018-09-21 00:00:00-04:00,108.03425598144531
2018-09-24 00:00:00-04:00,108.4218978881836
2018-09-25 00:00:00-04:00,108.21390533447266
2018-09-26 00:00:00-04:00,107.76953125
2018-09-27 00:00:00-04:00,108.17610168457031
2018-09-28 00:00:00-04:00,108.13825225830078
2018-10-01 00:00:00-04:00,109.31068420410156
2018-10-02 00:00:00-04:00,108.87576293945312
2018-10-03 00:00:00-04:00,108.89466857910156
2018-10-04 00:00:00-04:00,106.64434051513672
2018-10-05 00:00:00-04:00,106.02030181884766
2018-10-08 00:00:00-04:00,104.81005859375
2018-10-09 00:00:00-04:00,106.14322662353516
2018-10-10 00:00:00-04:00,100.37560272216797
2018-10-11 00:00:00-04:00,100.13922119140625
2018-10-12 00:00:00-04:00,103.59981536865234
2018-10-15 00:00:00-04:00,101.73715209960938
2018-10-16 00:00:00-04:00,104.95187377929688
2018-10-17 00:00:00-04:00,104.67769622802734
2018-10-18 00:00:00-04:00,102.58812713623047
2018-10-19 00:00:00-04:00,102.73939514160156
2018-10-22 00:00:00-04:00,103.65652465820312
2018-10-23 00:00:00-04:00,102.20987701416016
2018-10-24 00:00:00-04:00,96.74484252929688
2018-10-25 00:00:00-04:00,102.39898681640625
2018-10-26 00:00:00-04:00,101.13201904296875
2018-10-29 00:00:00-04:00,98.19146728515625
2018-10-30 00:00:00-04:00,98.07801818847656
2018-10-31 00:00:00-04:00,100.99019622802734
2018-11-01 00:00:00-04:00,100.148681640625
2018-11-02 00:00:00-04:00,100.37560272216797
2018-11-05 00:00:00-05:00,101.65203857421875
2018-11-06 00:00:00-05:00,101.8506088256836
2018-11-07 00:00:00-05:00,105.85958099365234
2018-11-08 00:00:00-05:00,105.66101837158203
2018-11-09 00:00:00-05:00,103.59981536865234
2018-11-12 00:00:00-05:00,101.04692840576172
2018-11-13 00:00:00-05:00,101.11310577392578
2018-11-14 00:00:00-05:00,99.67920684814453
2018-11-15 00:00:00-05:00,101.87279510498047
2018-11-16 00:00:00-05:00,102.83187103271484
2018-11-19 00:00:00-05:00,99.34687042236328
2018-11-20 00:00:00-05:00,96.58352661132812
2018-11-21 00:00:00-05:00,97.9129638671875
2018-11-23 00:00:00-05:00,97.87496948242188
2018-11-26 00:00:00-05:00,101.10362243652344
2018-11-27 00:00:00-05:00,101.73983001708984
2018-11-28 00:00:00-05:00,105.51923370361328
2018-11-29 00:00:00-05:00,104.6361083984375
2018-11-30 00:00:00-05:00,105.30083465576172
2018-12-03 00:00:00-05:00,106.44035339355469
2018-12-04 00:00:00-05:00,103.05027770996094
2018-12-06 00:00:00-05:00,103.6865234375
2018-12-07 00:00:00-05:00,99.53678131103516
2018-12-10 00:00:00-05:00,102.16715240478516
2018-12-11 00:00:00-05:00,103.11675262451172
2018-12-12 00:00:00-05:00,103.58206176757812
2018-12-13 00:00:00-05:00,103.93340301513672
2018-12-14 00:00:00-05:00,100.68578338623047
2018-12-17 00:00:00-05:00,97.70404815673828
2018-12-18 00:00:00-05:00,98.7296142578125
2018-12-19 00:00:00-05:00,98.46372985839844
2018-12-20 00:00:00-05:00,96.39360809326172
2018-12-21 00:00:00-05:00,93.27894592285156
2018-12-24 00:00:00-05:00,89.38558197021484
2018-12-26 00:00:00-05:00,95.49148559570312
2018-12-27 00:00:00-05:00,96.08023834228516
2018-12-28 00:00:00-05:00,95.3300552368164
2018-12-31 00:00:00-05:00,96.45057678222656
2019-01-02 00:00:00-05:00,96.02327728271484
2019-01-03 00:00:00-05:00,92.49076843261719
2019-01-04 00:00:00-05:00,96.7924575805664
2019-01-07 00:00:00-05:00,96.9158935546875
2019-01-08 00:00:00-05:00,97.61858367919922
2019-01-09 00:00:00-05:00,99.0145034790039
2019-01-10 00:00:00-05:00,98.37826538085938
2019-01-11 00:00:00-05:00,97.61858367919922
2019-01-14 00:00:00-05:00,96.9063949584961
2019-01-15 00:00:00-05:00,99.71720123291016
2019-01-16 00:00:00-05:00,100.06854248046875
2019-01-17 00:00:00-05:00,100.77124786376953
2019-01-18 00:00:00-05:00,102.28111267089844
2019-01-22 00:00:00-05:00,100.35340118408203
2019-01-23 00:00:00-05:00,101.33150482177734
2019-01-24 00:00:00-05:00,100.84722900390625
2019-01-25 00:00:00-05:00,101.76831817626953
2019-01-28 00:00:00-05:00,99.7836685180664
2019-01-29 00:00:00-05:00,97.75151824951172
2019-01-30 00:00:00-05:00,101.01814270019531
2019-01-31 00:00:00-05:00,99.16643524169922
2019-02-01 00:00:00-05:00,97.599609375
2019-02-04 00:00:00-05:00,100.41041564941406
2019-02-05 00:00:00-05:00,101.8158187866211
2019-02-06 00:00:00-05:00,100.68578338623047
2019-02-07 00:00:00-05:00,99.96407318115234
2019-02-08 00:00:00-05:00,100.34393310546875
2019-02-11 00:00:00-05:00,99.94511413574219
2019-02-12 00:00:00-05:00,101.5024642944336
2019-02-13 00:00:00-05:00,101.42646789550781
2019-02-14 00:00:00-05:00,101.51191711425781
2019-02-15 00:00:00-05:00,102.76541900634766
2019-02-19 00:00:00-05:00,102.7179183959961
2019-02-20 00:00:00-05:00,102.18388366699219
2019-02-21 00:00:00-05:00,104.33914947509766
2019-02-22 00:00:00-05:00,105.82682800292969
2019-02-25 00:00:00-05:00,106.41810607910156
2019-02-26 00:00:00-05:00,107.15239715576172
2019-02-27 00:00:00-05:00,106.97122192382812
2019-02-28 00:00:00-05:00,106.83771514892578
2019-03-01 00:00:00-05:00,107.31452178955078
2019-03-04 00:00:00-05:00,107.0570297241211
2019-03-05 00:00:00-05:00,106.52297973632812
2019-03-06 00:00:00-05:00,106.57068634033203
2019-03-07 00:00:00-05:00,105.27369689941406
2019-03-08 00:00:00-05:00,105.38815307617188
2019-03-11 00:00:00-04:00,107.60062408447266
2019-03-12 00:00:00-04:00,108.35403442382812
2019-03-13 00:00:00-04:00,109.19322204589844
2019-03-14 00:00:00-04:00,109.27904510498047
2019-03-15 00:00:00-04:00,110.53788757324219
2019-03-18 00:00:00-04:00,112.12095642089844
2019-03-19 00:00:00-04:00,112.19721984863281
2019-03-20 00:00:00-04:00,112.07324981689453
2019-03-21 00:00:00-04:00,114.64812469482422
2019-03-22 00:00:00-04:00,111.62503814697266
2019-03-25 00:00:00-04:00,112.20677947998047
2019-03-26 00:00:00-04:00,112.44518280029297
2019-03-27 00:00:00-04:00,111.35800170898438
2019-03-28 00:00:00-04:00,111.51061248779297
2019-03-29 00:00:00-04:00,112.47378540039062
2019-04-01 00:00:00-04:00,113.50371551513672
2019-04-02 00:00:00-04:00,113.6658706665039
2019-04-03 00:00:00-04:00,114.4096908569336
2019-04-04 00:00:00-04:00,113.82799530029297
2019-04-05 00:00:00-04:00,114.33340454101562
2019-04-08 00:00:00-04:00,114.37155151367188
2019-04-09 00:00:00-04:00,113.7516860961914
2019-04-10 00:00:00-04:00,114.6195068359375
2019-04-11 00:00:00-04:00,114.75301361083984
2019-04-12 00:00:00-04:00,115.34426879882812
2019-04-15 00:00:00-04:00,115.4396743774414
2019-04-16 00:00:00-04:00,115.17263793945312
2019-04-17 00:00:00-04:00,116.12628936767578
2019-04-18 00:00:00-04:00,117.65213775634766
2019-04-22 00:00:00-04:00,118.0240478515625
2019-04-23 00:00:00-04:00,119.62620544433594
2019-04-24 00:00:00-04:00,119.21611022949219
2019-04-25 00:00:00-04:00,123.16423034667969
2019-04-26 00:00:00-04:00,123.86992645263672
2019-04-29 00:00:00-04:00,123.75552368164062
2019-04-30 00:00:00-04:00,124.54702758789062
2019-05-01 00:00:00-04:00,121.95309448242188
2019-05-02 00:00:00-04:00,120.3604965209961
2019-05-03 00:00:00-04:00,122.92584228515625
2019-05-06 00:00:00-04:00,122.21057891845703
2019-05-07 00:00:00-04:00,119.70248413085938
2019-05-08 00:00:00-04:00,119.69293975830078
2019-05-09 00:00:00-04:00,119.68341064453125
2019-05-10 00:00:00-04:00,121.23786163330078
2019-05-13 00:00:00-04:00,117.633056640625
2019-05-14 00:00:00-04:00,118.94910430908203
2019-05-15 00:00:00-04:00,120.62416076660156
2019-05-16 00:00:00-04:00,123.40957641601562
2019-05-17 00:00:00-04:00,122.5864028930664
2019-05-20 00:00:00-04:00,120.81561279296875
2019-05-21 00:00:00-04:00,121.46649169921875
2019-05-22 00:00:00-04:00,122.2035140991211
2019-05-23 00:00:00-04:00,120.77730560302734
2019-05-24 00:00:00-04:00,120.8347396850586
2019-05-28 00:00:00-04:00,120.75816345214844
2019-05-29 00:00:00-04:00,119.59041595458984
2019-05-30 00:00:00-04:00,120.34659576416016
2019-05-31 00:00:00-04:00,118.38434600830078
2019-06-03 00:00:00-04:00,114.70877838134766
2019-06-04 00:00:00-04:00,117.88663482666016
2019-06-05 00:00:00-04:00,120.4422836303711
2019-06-06 00:00:00-04:00,122.34707641601562
2019-06-07 00:00:00-04:00,125.77381134033203
2019-06-10 00:00:00-04:00,126.92241668701172
2019-06-11 00:00:00-04:00,126.44384765625
2019-06-12 00:00:00-04:00,125.8599624633789
2019-06-13 00:00:00-04:00,126.6543960571289
2019-06-14 00:00:00-04:00,126.77880859375
2019-06-17 00:00:00-04:00,127.1617431640625
2019-06-18 00:00:00-04:00,129.37281799316406
2019-06-19 00:00:00-04:00,129.880126953125
2019-06-20 00:00:00-04:00,131.08616638183594
2019-06-21 00:00:00-04:00,131.10528564453125
2019-06-24 00:00:00-04:00,131.88059997558594
2019-06-25 00:00:00-04:00,127.71685791015625
2019-06-26 00:00:00-04:00,128.19546508789062
2019-06-27 00:00:00-04:00,128.4060516357422
2019-06-28 00:00:00-04:00,128.2241973876953
2019-07-01 00:00:00-04:00,129.8705291748047
2019-07-02 00:00:00-04:00,130.7320098876953
2019-07-03 00:00:00-04:00,131.5743408203125
2019-07-05 00:00:00-04:00,131.19146728515625
2019-07-08 00:00:00-04:00,131.0957489013672
2019-07-09 00:00:00-04:00,130.6171417236328
2019-07-10 00:00:00-04:00,131.94764709472656
2019-07-11 00:00:00-04:00,132.47406005859375
2019-07-12 00:00:00-04:00,132.95265197753906
2019-07-15 00:00:00-04:00,132.95265197753906
2019-07-16 00:00:00-04:00,131.21060180664062
2019-07-17 00:00:00-04:00,130.43528747558594
2019-07-18 00:00:00-04:00,130.57884216308594
2019-07-19 00:00:00-04:00,130.7703094482422
2019-07-22 00:00:00-04:00,132.50282287597656
2019-07-23 00:00:00-04:00,133.32594299316406
2019-07-24 00:00:00-04:00,134.6947479248047
2019-07-25 00:00:00-04:00,134.18743896484375
2019-07-26 00:00:00-04:00,135.2882080078125
2019-07-29 00:00:00-04:00,134.99147033691406
2019-07-30 00:00:00-04:00,134.340576171875
2019-07-31 00:00:00-04:00,130.43528747558594
2019-08-01 00:00:00-04:00,132.1486358642578
2019-08-02 00:00:00-04:00,131.0382843017578
2019-08-05 00:00:00-04:00,126.54913330078125
2019-08-06 00:00:00-04:00,128.92294311523438
2019-08-07 00:00:00-04:00,129.48765563964844
2019-08-08 00:00:00-04:00,132.94313049316406
2019-08-09 00:00:00-04:00,131.81362915039062
2019-08-12 00:00:00-04:00,129.97584533691406
2019-08-13 00:00:00-04:00,132.66554260253906
2019-08-14 00:00:00-04:00,128.67037963867188
2019-08-15 00:00:00-04:00,128.3822479248047
2019-08-16 00:00:00-04:00,130.7351837158203
2019-08-19 00:00:00-04:00,132.92483520507812
2019-08-20 00:00:00-04:00,131.82037353515625
2019-08-21 00:00:00-04:00,133.28976440429688
2019-08-22 00:00:00-04:00,132.3197784423828
2019-08-23 00:00:00-04:00,128.103759765625
2019-08-26 00:00:00-04:00,130.08212280273438
2019-08-27 00:00:00-04:00,130.36065673828125
2019-08-28 00:00:00-04:00,130.18772888183594
2019-08-29 00:00:00-04:00,132.6463165283203
2019-08-30 00:00:00-04:00,132.3966522216797
2019-09-03 00:00:00-04:00,130.6487274169922
2019-09-04 00:00:00-04:00,132.17575073242188
2019-09-05 00:00:00-04:00,134.49984741210938
2019-09-06 00:00:00-04:00,133.58750915527344
2019-09-09 00:00:00-04:00,132.07008361816406
2019-09-10 00:00:00-04:00,130.68714904785156
2019-09-11 00:00:00-04:00,130.72557067871094
2019-09-12 00:00:00-04:00,132.07008361816406
2019-09-13 00:00:00-04:00,131.8780517578125
2019-09-16 00:00:00-04:00,130.92727661132812
2019-09-17 00:00:00-04:00,131.94522094726562
2019-09-18 00:00:00-04:00,133.03045654296875
2019-09-19 00:00:00-04:00,135.4794158935547
2019-09-20 00:00:00-04:00,133.91403198242188
2019-09-23 00:00:00-04:00,133.62586975097656
2019-09-24 00:00:00-04:00,131.93565368652344
2019-09-25 00:00:00-04:00,133.8372039794922
2019-09-26 00:00:00-04:00,134.01002502441406
2019-09-27 00:00:00-04:00,132.27178955078125
2019-09-30 00:00:00-04:00,133.52024841308594
2019-10-01 00:00:00-04:00,131.63792419433594
2019-10-02 00:00:00-04:00,129.31381225585938
2019-10-03 00:00:00-04:00,130.87924194335938
2019-10-04 00:00:00-04:00,132.6463165283203
2019-10-07 00:00:00-04:00,131.68592834472656
2019-10-08 00:00:00-04:00,130.2934112548828
2019-10-09 00:00:00-04:00,132.76156616210938
2019-10-10 00:00:00-04:00,133.58750915527344
2019-10-11 00:00:00-04:00,134.1444854736328
2019-10-14 00:00:00-04:00,134.0196533203125
2019-10-15 00:00:00-04:00,135.95960998535156
2019-10-16 00:00:00-04:00,134.84555053710938
2019-10-17 00:00:00-04:00,134.15411376953125
2019-10-18 00:00:00-04:00,131.96446228027344
2019-10-21 00:00:00-04:00,132.94406127929688
2019-10-22 00:00:00-04:00,130.9656524658203
2019-10-23 00:00:00-04:00,131.8011932373047
2019-10-24 00:00:00-04:00,134.39418029785156
2019-10-25 00:00:00-04:00,135.15286254882812
2019-10-28 00:00:00-04:00,138.4757537841797
2019-10-29 00:00:00-04:00,137.1696319580078
2019-10-30 00:00:00-04:00,138.8791046142578
2019-10-31 00:00:00-04:00,137.68826293945312
2019-11-01 00:00:00-04:00,138.02438354492188
2019-11-04 00:00:00-05:00,138.82151794433594
2019-11-05 00:00:00-05:00,138.73507690429688
2019-11-06 00:00:00-05:00,138.3509063720703
2019-11-07 00:00:00-05:00,138.54299926757812
2019-11-08 00:00:00-05:00,140.17564392089844
2019-11-11 00:00:00-05:00,140.31967163085938
2019-11-12 00:00:00-05:00,141.24159240722656
2019-11-13 00:00:00-05:00,141.47215270996094
2019-11-14 00:00:00-05:00,142.19236755371094
2019-11-15 00:00:00-05:00,144.02671813964844
2019-11-18 00:00:00-05:00,144.38201904296875
2019-11-19 00:00:00-05:00,144.4300537109375
2019-11-20 00:00:00-05:00,144.1794891357422
2019-11-21 00:00:00-05:00,144.04458618164062
2019-11-22 00:00:00-05:00,144.1505889892578
2019-11-25 00:00:00-05:00,145.73094177246094
2019-11-26 00:00:00-05:00,146.50186157226562
2019-11-27 00:00:00-05:00,146.78134155273438
2019-11-29 00:00:00-05:00,145.87554931640625
2019-12-02 00:00:00-05:00,144.112060546875
2019-12-03 00:00:00-05:00,143.88076782226562
2019-12-04 00:00:00-05:00,144.40115356445312
2019-12-05 00:00:00-05:00,144.47824096679688
2019-12-06 00:00:00-05:00,146.23204040527344
2019-12-09 00:00:00-05:00,145.85621643066406
2019-12-10 00:00:00-05:00,145.63461303710938
2019-12-11 00:00:00-05:00,146.1838836669922
2019-12-12 00:00:00-05:00,147.6678924560547
2019-12-13 00:00:00-05:00,148.91094970703125
2019-12-16 00:00:00-05:00,149.87460327148438
2019-12-17 00:00:00-05:00,149.06512451171875
2019-12-18 00:00:00-05:00,148.75680541992188
2019-12-19 00:00:00-05:00,150.04806518554688
2019-12-20 00:00:00-05:00,151.68626403808594
2019-12-23 00:00:00-05:00,151.68626403808594
2019-12-24 00:00:00-05:00,151.65731811523438
2019-12-26 00:00:00-05:00,152.90042114257812
2019-12-27 00:00:00-05:00,153.179931640625
2019-12-30 00:00:00-05:00,151.85972595214844
2019-12-31 00:00:00-05:00,151.96566772460938
2020-01-02 00:00:00-05:00,154.77952575683594
2020-01-03 00:00:00-05:00,152.8522491455078
2020-01-06 00:00:00-05:00,153.247314453125
2020-01-07 00:00:00-05:00,151.85006713867188
2020-01-08 00:00:00-05:00,154.26881408691406
2020-01-09 00:00:00-05:00,156.19607543945312
2020-01-10 00:00:00-05:00,155.4733428955078
2020-01-13 00:00:00-05:00,157.34280395507812
2020-01-14 00:00:00-05:00,156.23463439941406
2020-01-15 00:00:00-05:00,157.24644470214844
2020-01-16 00:00:00-05:00,160.12771606445312
2020-01-17 00:00:00-05:00,161.02394104003906
2020-01-21 00:00:00-05:00,160.4457244873047
2020-01-22 00:00:00-05:00,159.6748046875
2020-01-23 00:00:00-05:00,160.65771484375
2020-01-24 00:00:00-05:00,159.03878784179688
2020-01-27 00:00:00-05:00,156.37916564941406
2020-01-28 00:00:00-05:00,159.4435577392578
2020-01-29 00:00:00-05:00,161.92974853515625
2020-01-30 00:00:00-05:00,166.49734497070312
2020-01-31 00:00:00-05:00,164.0401153564453
2020-02-03 00:00:00-05:00,168.03921508789062
2020-02-04 00:00:00-05:00,173.57044982910156
2020-02-05 00:00:00-05:00,173.3584747314453
2020-02-06 00:00:00-05:00,176.95285034179688
2020-02-07 00:00:00-05:00,177.20339965820312
2020-02-10 00:00:00-05:00,181.8385009765625
2020-02-11 00:00:00-05:00,177.73338317871094
2020-02-12 00:00:00-05:00,177.99354553222656
2020-02-13 00:00:00-05:00,177.02996826171875
2020-02-14 00:00:00-05:00,178.61029052734375
2020-02-18 00:00:00-05:00,180.42193603515625
2020-02-19 00:00:00-05:00,180.96302795410156
2020-02-20 00:00:00-05:00,178.19949340820312
2020-02-21 00:00:00-05:00,172.56617736816406
2020-02-24 00:00:00-05:00,165.1259002685547
2020-02-25 00:00:00-05:00,162.40098571777344
2020-02-26 00:00:00-05:00,164.43014526367188
2020-02-27 00:00:00-05:00,152.84457397460938
2020-02-28 00:00:00-05:00,156.54537963867188
2020-03-02 00:00:00-05:00,166.96176147460938
2020-03-03 00:00:00-05:00,158.96107482910156
2020-03-04 00:00:00-05:00,164.7973175048828
2020-03-05 00:00:00-05:00,160.6617431640625
2020-03-06 00:00:00-05:00,156.12025451660156
2020-03-09 00:00:00-04:00,145.53955078125
2020-03-10 00:00:00-04:00,155.4921417236328
2020-03-11 00:00:00-04:00,148.4480438232422
2020-03-12 00:00:00-04:00,134.3695068359375
2020-03-13 00:00:00-04:00,153.47267150878906
2020-03-16 00:00:00-04:00,130.85227966308594
2020-03-17 00:00:00-04:00,141.626220703125
2020-03-18 00:00:00-04:00,135.664306640625
2020-03-19 00:00:00-04:00,137.89642333984375
2020-03-20 00:00:00-04:00,132.71717834472656
2020-03-23 00:00:00-04:00,131.3933868408203
2020-03-24 00:00:00-04:00,143.3364715576172
2020-03-25 00:00:00-04:00,141.96438598632812
2020-03-26 00:00:00-04:00,150.84442138671875
2020-03-27 00:00:00-04:00,144.65060424804688
2020-03-30 00:00:00-04:00,154.82542419433594
2020-03-31 00:00:00-04:00,152.39044189453125
2020-04-01 00:00:00-04:00,146.97933959960938
2020-04-02 00:00:00-04:00,150.02305603027344
2020-04-03 00:00:00-04:00,148.641357421875
2020-04-06 00:00:00-04:00,159.6954345703125
2020-04-07 00:00:00-04:00,157.9755096435547
2020-04-08 00:00:00-04:00,159.56016540527344
2020-04-09 00:00:00-04:00,159.56983947753906
2020-04-13 00:00:00-04:00,159.92735290527344
2020-04-14 00:00:00-04:00,167.8411102294922
2020-04-15 00:00:00-04:00,166.0824737548828
2020-04-16 00:00:00-04:00,171.06845092773438
2020-04-17 00:00:00-04:00,172.57582092285156
2020-04-20 00:00:00-04:00,169.15524291992188
2020-04-21 00:00:00-04:00,162.15945434570312
2020-04-22 00:00:00-04:00,167.66717529296875
2020-04-23 00:00:00-04:00,165.63803100585938
2020-04-24 00:00:00-04:00,168.6624298095703
2020-04-27 00:00:00-04:00,168.17930603027344
2020-04-28 00:00:00-04:00,164.08229064941406
2020-04-29 00:00:00-04:00,171.44528198242188
2020-04-30 00:00:00-04:00,173.1652374267578
2020-05-01 00:00:00-04:00,168.6817626953125
2020-05-04 00:00:00-04:00,172.80772399902344
2020-05-05 00:00:00-04:00,174.6629638671875
2020-05-06 00:00:00-04:00,176.3829345703125
2020-05-07 00:00:00-04:00,177.40719604492188
2020-05-08 00:00:00-04:00,178.4507293701172
2020-05-11 00:00:00-04:00,180.44126892089844
2020-05-12 00:00:00-04:00,176.3539276123047
2020-05-13 00:00:00-04:00,173.68702697753906
2020-05-14 00:00:00-04:00,174.4407196044922
2020-05-15 00:00:00-04:00,176.98202514648438
2020-05-18 00:00:00-04:00,178.67300415039062
2020-05-19 00:00:00-04:00,177.4361572265625
2020-05-20 00:00:00-04:00,179.8972930908203
2020-05-21 00:00:00-04:00,177.73654174804688
2020-05-22 00:00:00-04:00,177.8140869140625
2020-05-26 00:00:00-04:00,175.93426513671875
2020-05-27 00:00:00-04:00,176.16683959960938
2020-05-28 00:00:00-04:00,175.76953125
2020-05-29 00:00:00-04:00,177.56211853027344
2020-06-01 00:00:00-04:00,177.15518188476562
2020-06-02 00:00:00-04:00,179.17062377929688
2020-06-03 00:00:00-04:00,179.60667419433594
2020-06-04 00:00:00-04:00,177.24237060546875
2020-06-05 00:00:00-04:00,181.38951110839844
2020-06-08 00:00:00-04:00,182.51353454589844
2020-06-09 00:00:00-04:00,183.9088134765625
2020-06-10 00:00:00-04:00,190.73031616210938
2020-06-11 00:00:00-04:00,180.48838806152344
2020-06-12 00:00:00-04:00,181.91278076171875
2020-06-15 00:00:00-04:00,183.07550048828125
2020-06-16 00:00:00-04:00,187.56179809570312
2020-06-17 00:00:00-04:00,188.21102905273438
2020-06-18 00:00:00-04:00,190.22647094726562
2020-06-19 00:00:00-04:00,189.0927734375
2020-06-22 00:00:00-04:00,194.3445281982422
2020-06-23 00:00:00-04:00,195.6429443359375
2020-06-24 00:00:00-04:00,191.6992950439453
2020-06-25 00:00:00-04:00,194.12167358398438
2020-06-26 00:00:00-04:00,190.23614501953125
2020-06-29 00:00:00-04:00,192.28065490722656
2020-06-30 00:00:00-04:00,197.19326782226562
2020-07-01 00:00:00-04:00,198.34634399414062
2020-07-02 00:00:00-04:00,199.85792541503906
2020-07-06 00:00:00-04:00,204.16009521484375
2020-07-07 00:00:00-04:00,201.78614807128906
2020-07-08 00:00:00-04:00,206.22398376464844
2020-07-09 00:00:00-04:00,207.6677703857422
2020-07-10 00:00:00-04:00,207.03793334960938
2020-07-13 00:00:00-04:00,200.64280700683594
2020-07-14 00:00:00-04:00,201.88307189941406
2020-07-15 00:00:00-04:00,201.58270263671875
2020-07-16 00:00:00-04:00,197.590576171875
2020-07-17 00:00:00-04:00,196.5828399658203
2020-07-20 00:00:00-04:00,205.03221130371094
2020-07-21 00:00:00-04:00,202.27059936523438
2020-07-22 00:00:00-04:00,205.1775360107422
2020-07-23 00:00:00-04:00,196.25341796875
2020-07-24 00:00:00-04:00,195.0518798828125
2020-07-27 00:00:00-04:00,197.52272033691406
2020-07-28 00:00:00-04:00,195.74954223632812
2020-07-29 00:00:00-04:00,197.72621154785156
2020-07-30 00:00:00-04:00,197.57118225097656
2020-07-31 00:00:00-04:00,198.64671325683594
2020-08-03 00:00:00-04:00,209.81884765625
2020-08-04 00:00:00-04:00,206.66973876953125
2020-08-05 00:00:00-04:00,206.3306121826172
2020-08-06 00:00:00-04:00,209.63475036621094
2020-08-07 00:00:00-04:00,205.8848419189453
2020-08-10 00:00:00-04:00,201.78614807128906
2020-08-11 00:00:00-04:00,197.0673065185547
2020-08-12 00:00:00-04:00,202.69700622558594
2020-08-13 00:00:00-04:00,202.22218322753906
2020-08-14 00:00:00-04:00,202.41598510742188
2020-08-17 00:00:00-04:00,203.75314331054688
2020-08-18 00:00:00-04:00,204.92559814453125
2020-08-19 00:00:00-04:00,203.6823272705078
2020-08-20 00:00:00-04:00,208.4222869873047
2020-08-21 00:00:00-04:00,206.90707397460938
2020-08-24 00:00:00-04:00,207.55783081054688
2020-08-25 00:00:00-04:00,210.258056640625
2020-08-26 00:00:00-04:00,214.80377197265625
2020-08-27 00:00:00-04:00,220.07794189453125
2020-08-28 00:00:00-04:00,222.34107971191406
2020-08-31 00:00:00-04:00,219.05807495117188
2020-09-01 00:00:00-04:00,220.7481231689453
2020-09-02 00:00:00-04:00,225.00244140625
2020-09-03 00:00:00-04:00,211.06423950195312
2020-09-04 00:00:00-04:00,208.1017608642578
2020-09-08 00:00:00-04:00,196.84434509277344
2020-09-09 00:00:00-04:00,205.22671508789062
2020-09-10 00:00:00-04:00,199.4765625
2020-09-11 00:00:00-04:00,198.17503356933594
2020-09-14 00:00:00-04:00,199.5154571533203
2020-09-15 00:00:00-04:00,202.78872680664062
2020-09-16 00:00:00-04:00,199.165771484375
2020-09-17 00:00:00-04:00,197.08718872070312
2020-09-18 00:00:00-04:00,194.6394805908203
2020-09-21 00:00:00-04:00,196.727783203125
2020-09-22 00:00:00-04:00,201.46775817871094
2020-09-23 00:00:00-04:00,194.833740234375
2020-09-24 00:00:00-04:00,197.359130859375
2020-09-25 00:00:00-04:00,201.85629272460938
2020-09-28 00:00:00-04:00,203.42977905273438
2020-09-29 00:00:00-04:00,201.31236267089844
2020-09-30 00:00:00-04:00,204.29425048828125
2020-10-01 00:00:00-04:00,206.36312866210938
2020-10-02 00:00:00-04:00,200.27305603027344
2020-10-05 00:00:00-04:00,204.34280395507812
2020-10-06 00:00:00-04:00,200.0010986328125
2020-10-07 00:00:00-04:00,203.80857849121094
2020-10-08 00:00:00-04:00,204.537109375
2020-10-09 00:00:00-04:00,209.61697387695312
2020-10-12 00:00:00-04:00,215.0465850830078
2020-10-13 00:00:00-04:00,216.46469116210938
2020-10-14 00:00:00-04:00,214.52206420898438
2020-10-15 00:00:00-04:00,213.3565216064453
2020-10-16 00:00:00-04:00,213.3565216064453
2020-10-19 00:00:00-04:00,208.07261657714844
2020-10-20 00:00:00-04:00,208.49026489257812
2020-10-21 00:00:00-04:00,208.635986328125
2020-10-22 00:00:00-04:00,208.723388671875
2020-10-23 00:00:00-04:00,210.02491760253906
2020-10-26 00:00:00-04:00,204.0514373779297
2020-10-27 00:00:00-04:00,207.1304473876953
2020-10-28 00:00:00-04:00,196.86376953125
2020-10-29 00:00:00-04:00,198.84523010253906
2020-10-30 00:00:00-04:00,196.6597900390625
2020-11-02 00:00:00-05:00,196.52381896972656
2020-11-03 00:00:00-05:00,200.5061798095703
2020-11-04 00:00:00-05:00,210.18035888671875
2020-11-05 00:00:00-05:00,216.88235473632812
2020-11-06 00:00:00-05:00,217.29998779296875
2020-11-09 00:00:00-05:00,212.12294006347656
2020-11-10 00:00:00-05:00,204.95472717285156
2020-11-11 00:00:00-05:00,210.3357696533203
2020-11-12 00:00:00-05:00,209.25759887695312
2020-11-13 00:00:00-05:00,210.29690551757812
2020-11-16 00:00:00-05:00,210.9962158203125
2020-11-17 00:00:00-05:00,208.3057403564453
2020-11-18 00:00:00-05:00,205.55950927734375
2020-11-19 00:00:00-05:00,206.86447143554688
2020-11-20 00:00:00-05:00,204.88755798339844
2020-11-23 00:00:00-05:00,204.6148681640625
2020-11-24 00:00:00-05:00,208.2667999267578
2020-11-25 00:00:00-05:00,208.27650451660156
2020-11-27 00:00:00-05:00,209.60092163085938
2020-11-30 00:00:00-05:00,208.47128295898438
2020-12-01 00:00:00-05:00,210.55532836914062
2020-12-02 00:00:00-05:00,209.7372589111328
2020-12-03 00:00:00-05:00,208.63685607910156
2020-12-04 00:00:00-05:00,208.75369262695312
2020-12-07 00:00:00-05:00,208.685546875
2020-12-08 00:00:00-05:00,210.3605499267578
2020-12-09 00:00:00-05:00,206.26068115234375
2020-12-10 00:00:00-05:00,205.01414489746094
2020-12-11 00:00:00-05:00,207.68247985839844
2020-12-14 00:00:00-05:00,208.59788513183594
2020-12-15 00:00:00-05:00,208.5297393798828
2020-12-16 00:00:00-05:00,213.54505920410156
2020-12-17 00:00:00-05:00,213.68136596679688
2020-12-18 00:00:00-05:00,212.87307739257812
2020-12-21 00:00:00-05:00,216.76846313476562
2020-12-22 00:00:00-05:00,218.08314514160156
2020-12-23 00:00:00-05:00,215.23951721191406
2020-12-24 00:00:00-05:00,216.92428588867188
2020-12-28 00:00:00-05:00,219.07647705078125
2020-12-29 00:00:00-05:00,218.28765869140625
2020-12-30 00:00:00-05:00,215.8822479248047
2020-12-31 00:00:00-05:00,216.60292053222656
2021-01-04 00:00:00-05:00,211.99658203125
2021-01-05 00:00:00-05:00,212.20111083984375
2021-01-06 00:00:00-05:00,206.69886779785156
2021-01-07 00:00:00-05:00,212.58091735839844
2021-01-08 00:00:00-05:00,213.87612915039062
2021-01-11 00:00:00-05:00,211.80186462402344
2021-01-12 00:00:00-05:00,209.30880737304688
2021-01-13 00:00:00-05:00,210.68190002441406
2021-01-14 00:00:00-05:00,207.4487762451172
2021-01-15 00:00:00-05:00,207.0884246826172
2021-01-19 00:00:00-05:00,210.77928161621094
2021-01-20 00:00:00-05:00,218.4727020263672
2021-01-21 00:00:00-05:00,219.0862274169922
2021-01-22 00:00:00-05:00,220.0405731201172
2021-01-25 00:00:00-05:00,223.52696228027344
2021-01-26 00:00:00-05:00,226.2537078857422
2021-01-27 00:00:00-05:00,226.8087921142578
2021-01-28 00:00:00-05:00,232.68109130859375
2021-01-29 00:00:00-05:00,225.89341735839844
2021-02-01 00:00:00-05:00,233.3822479248047
2021-02-02 00:00:00-05:00,233.24594116210938
2021-02-03 00:00:00-05:00,236.64463806152344
2021-02-04 00:00:00-05:00,235.68052673339844
2021-02-05 00:00:00-05:00,235.86561584472656
2021-02-08 00:00:00-05:00,236.12852478027344
2021-02-09 00:00:00-05:00,237.39453125
2021-02-10 00:00:00-05:00,236.4693603515625
2021-02-11 00:00:00-05:00,238.09573364257812
2021-02-12 00:00:00-05:00,238.5826416015625
2021-02-16 00:00:00-05:00,237.32635498046875
2021-02-17 00:00:00-05:00,238.3610076904297
2021-02-18 00:00:00-05:00,237.96080017089844
2021-02-19 00:00:00-05:00,235.208251953125
2021-02-22 00:00:00-05:00,228.90269470214844
2021-02-23 00:00:00-05:00,227.6923370361328
2021-02-24 00:00:00-05:00,228.94174194335938
2021-02-25 00:00:00-05:00,223.51470947265625
2021-02-26 00:00:00-05:00,226.82363891601562
2021-03-01 00:00:00-05:00,231.2746124267578
2021-03-02 00:00:00-05:00,228.27798461914062
2021-03-03 00:00:00-05:00,222.11886596679688
2021-03-04 00:00:00-05:00,221.3087158203125
2021-03-05 00:00:00-05:00,226.06228637695312
2021-03-08 00:00:00-05:00,221.95294189453125
2021-03-09 00:00:00-05:00,228.19015502929688
2021-03-10 00:00:00-05:00,226.8626708984375
2021-03-11 00:00:00-05:00,231.46006774902344
2021-03-12 00:00:00-05:00,230.11306762695312
2021-03-15 00:00:00-04:00,229.19552612304688
2021-03-16 00:00:00-04:00,232.0261993408203
2021-03-17 00:00:00-04:00,231.37217712402344
2021-03-18 00:00:00-04:00,225.2033233642578
2021-03-19 00:00:00-04:00,224.84219360351562
2021-03-22 00:00:00-04:00,230.34732055664062
2021-03-23 00:00:00-04:00,231.89927673339844
2021-03-24 00:00:00-04:00,229.82998657226562
2021-03-25 00:00:00-04:00,226.78457641601562
2021-03-26 00:00:00-04:00,230.82559204101562
2021-03-29 00:00:00-04:00,229.6152801513672
2021-03-30 00:00:00-04:00,226.30628967285156
2021-03-31 00:00:00-04:00,230.132568359375
2021-04-01 00:00:00-04:00,236.55523681640625
2021-04-05 00:00:00-04:00,243.1145782470703
2021-04-06 00:00:00-04:00,241.9335174560547
2021-04-07 00:00:00-04:00,243.9247283935547
2021-04-08 00:00:00-04:00,247.19464111328125
2021-04-09 00:00:00-04:00,249.7324676513672
2021-04-12 00:00:00-04:00,249.79103088378906
2021-04-13 00:00:00-04:00,252.30929565429688
2021-04-14 00:00:00-04:00,249.4786834716797
2021-04-15 00:00:00-04:00,253.2952117919922
2021-04-16 00:00:00-04:00,254.5054931640625
2021-04-19 00:00:00-04:00,252.55331420898438
2021-04-20 00:00:00-04:00,252.08482360839844
2021-04-21 00:00:00-04:00,254.3493194580078
2021-04-22 00:00:00-04:00,251.02090454101562
2021-04-23 00:00:00-04:00,254.90573120117188
2021-04-26 00:00:00-04:00,255.2960968017578
2021-04-27 00:00:00-04:00,255.7061309814453
2021-04-28 00:00:00-04:00,248.47328186035156
2021-04-29 00:00:00-04:00,246.47230529785156
2021-04-30 00:00:00-04:00,246.1501922607422
2021-05-03 00:00:00-04:00,245.8378448486328
2021-05-04 00:00:00-04:00,241.8651580810547
2021-05-05 00:00:00-04:00,240.5767364501953
2021-05-06 00:00:00-04:00,243.75875854492188
2021-05-07 00:00:00-04:00,246.42352294921875
2021-05-10 00:00:00-04:00,241.26974487304688
2021-05-11 00:00:00-04:00,240.34246826171875
2021-05-12 00:00:00-04:00,233.28533935546875
2021-05-13 00:00:00-04:00,237.2189483642578
2021-05-14 00:00:00-04:00,242.21653747558594
2021-05-17 00:00:00-04:00,239.3175811767578
2021-05-18 00:00:00-04:00,237.26776123046875
2021-05-19 00:00:00-04:00,237.8547821044922
2021-05-20 00:00:00-04:00,241.1420135498047
2021-05-21 00:00:00-04:00,239.86038208007812
2021-05-24 00:00:00-04:00,245.34890747070312
2021-05-25 00:00:00-04:00,246.26853942871094
2021-05-26 00:00:00-04:00,246.0435333251953
2021-05-27 00:00:00-04:00,243.91075134277344
2021-05-28 00:00:00-04:00,244.27272033691406
2021-06-01 00:00:00-04:00,242.04208374023438
2021-06-02 00:00:00-04:00,241.9442596435547
2021-06-03 00:00:00-04:00,240.38870239257812
2021-06-04 00:00:00-04:00,245.35870361328125
2021-06-07 00:00:00-04:00,248.31326293945312
2021-06-08 00:00:00-04:00,247.1001434326172
2021-06-09 00:00:00-04:00,248.09803771972656
2021-06-10 00:00:00-04:00,251.66900634765625
2021-06-11 00:00:00-04:00,252.30494689941406
2021-06-14 00:00:00-04:00,254.2616424560547
2021-06-15 00:00:00-04:00,252.7647247314453
2021-06-16 00:00:00-04:00,251.8059539794922
2021-06-17 00:00:00-04:00,255.2497100830078
2021-06-18 00:00:00-04:00,253.8115692138672
2021-06-21 00:00:00-04:00,256.9422607421875
2021-06-22 00:00:00-04:00,259.7598876953125
2021-06-23 00:00:00-04:00,259.52508544921875
2021-06-24 00:00:00-04:00,260.91436767578125
2021-06-25 00:00:00-04:00,259.28045654296875
2021-06-28 00:00:00-04:00,262.9003601074219
2021-06-29 00:00:00-04:00,265.5223083496094
2021-06-30 00:00:00-04:00,265.033203125
2021-07-01 00:00:00-04:00,265.7179870605469
2021-07-02 00:00:00-04:00,271.636962890625
2021-07-06 00:00:00-04:00,271.64678955078125
2021-07-07 00:00:00-04:00,273.86761474609375
2021-07-08 00:00:00-04:00,271.4119567871094
2021-07-09 00:00:00-04:00,271.92071533203125
2021-07-12 00:00:00-04:00,271.3141174316406
2021-07-13 00:00:00-04:00,274.8948974609375
2021-07-14 00:00:00-04:00,276.3917236328125
2021-07-15 00:00:00-04:00,274.94378662109375
2021-07-16 00:00:00-04:00,274.66986083984375
2021-07-19 00:00:00-04:00,271.0108642578125
2021-07-20 00:00:00-04:00,273.2708740234375
2021-07-21 00:00:00-04:00,275.3057861328125
2021-07-22 00:00:00-04:00,279.9431457519531
2021-07-23 00:00:00-04:00,283.39666748046875
2021-07-26 00:00:00-04:00,282.7900695800781
2021-07-27 00:00:00-04:00,280.33447265625
2021-07-28 00:00:00-04:00,280.02142333984375
2021-07-29 00:00:00-04:00,280.2953796386719
2021-07-30 00:00:00-04:00,278.73974609375
2021-08-02 00:00:00-04:00,278.6517333984375
2021-08-03 00:00:00-04:00,280.90185546875
2021-08-04 00:00:00-04:00,280.30511474609375
2021-08-05 00:00:00-04:00,283.24993896484375
2021-08-06 00:00:00-04:00,283.1911926269531
2021-08-09 00:00:00-04:00,282.0856628417969
2021-08-10 00:00:00-04:00,280.23663330078125
2021-08-11 00:00:00-04:00,280.7356262207031
2021-08-12 00:00:00-04:00,283.5336608886719
2021-08-13 00:00:00-04:00,286.5078430175781
2021-08-16 00:00:00-04:00,288.21990966796875
2021-08-17 00:00:00-04:00,286.7327575683594
2021-08-18 00:00:00-04:00,284.978271484375
2021-08-19 00:00:00-04:00,290.8987121582031
2021-08-20 00:00:00-04:00,298.33856201171875
2021-08-23 00:00:00-04:00,298.6228332519531
2021-08-24 00:00:00-04:00,296.63299560546875
2021-08-25 00:00:00-04:00,296.03509521484375
2021-08-26 00:00:00-04:00,293.1728820800781
2021-08-27 00:00:00-04:00,293.7903747558594
2021-08-30 00:00:00-04:00,297.58380126953125
2021-08-31 00:00:00-04:00,295.9076843261719
2021-09-01 00:00:00-04:00,295.858642578125
2021-09-02 00:00:00-04:00,295.1920471191406
2021-09-03 00:00:00-04:00,295.1822814941406
2021-09-07 00:00:00-04:00,294.2412414550781
2021-09-08 00:00:00-04:00,294.2706604003906
2021-09-09 00:00:00-04:00,291.3692626953125
2021-09-10 00:00:00-04:00,289.8597106933594
2021-09-13 00:00:00-04:00,291.1143798828125
2021-09-14 00:00:00-04:00,293.8590087890625
2021-09-15 00:00:00-04:00,298.7895202636719
2021-09-16 00:00:00-04:00,299.1815490722656
2021-09-17 00:00:00-04:00,293.9374084472656
2021-09-20 00:00:00-04:00,288.47760009765625
2021-09-21 00:00:00-04:00,288.9676818847656
2021-09-22 00:00:00-04:00,292.67291259765625
2021-09-23 00:00:00-04:00,293.633544921875
2021-09-24 00:00:00-04:00,293.427734375
2021-09-27 00:00:00-04:00,288.3502197265625
2021-09-28 00:00:00-04:00,277.91082763671875
2021-09-29 00:00:00-04:00,278.3813781738281
2021-09-30 00:00:00-04:00,276.3425598144531
2021-10-01 00:00:00-04:00,283.3805236816406
2021-10-04 00:00:00-04:00,277.50897216796875
2021-10-05 00:00:00-04:00,283.0472412109375
2021-10-06 00:00:00-04:00,287.31109619140625
2021-10-07 00:00:00-04:00,289.0167541503906
2021-10-08 00:00:00-04:00,289.0167541503906
2021-10-11 00:00:00-04:00,288.4090270996094
2021-10-12 00:00:00-04:00,287.085693359375
2021-10-13 00:00:00-04:00,290.4478454589844
2021-10-14 00:00:00-04:00,296.7604064941406
2021-10-15 00:00:00-04:00,298.1915588378906
2021-10-18 00:00:00-04:00,301.2105712890625
2021-10-19 00:00:00-04:00,302.1320495605469
2021-10-20 00:00:00-04:00,301.3282470703125
2021-10-21 00:00:00-04:00,304.6119689941406
2021-10-22 00:00:00-04:00,303.0436096191406
2021-10-25 00:00:00-04:00,302.0340270996094
2021-10-26 00:00:00-04:00,303.9748229980469
2021-10-27 00:00:00-04:00,316.7764587402344
2021-10-28 00:00:00-04:00,317.9330749511719
2021-10-29 00:00:00-04:00,325.05926513671875
2021-11-01 00:00:00-04:00,322.85382080078125
2021-11-02 00:00:00-04:00,326.5393981933594
2021-11-03 00:00:00-04:00,327.39215087890625
2021-11-04 00:00:00-04:00,329.7839050292969
2021-11-05 00:00:00-04:00,329.4114074707031
2021-11-08 00:00:00-05:00,330.32305908203125
2021-11-09 00:00:00-05:00,329.3035888671875
2021-11-10 00:00:00-05:00,324.2554931640625
2021-11-11 00:00:00-05:00,325.8531799316406
2021-11-12 00:00:00-05:00,330.0583801269531
2021-11-15 00:00:00-05:00,329.4212646484375
2021-11-16 00:00:00-05:00,332.793212890625
2021-11-17 00:00:00-05:00,333.0190124511719
2021-11-18 00:00:00-05:00,335.13037109375
2021-11-19 00:00:00-05:00,336.937255859375
2021-11-22 00:00:00-05:00,333.7162170410156
2021-11-23 00:00:00-05:00,331.6049499511719
2021-11-24 00:00:00-05:00,331.8307800292969
2021-11-26 00:00:00-05:00,323.74884033203125
2021-11-29 00:00:00-05:00,330.5738525390625
2021-11-30 00:00:00-05:00,324.64251708984375
2021-12-01 00:00:00-05:00,324.14166259765625
2021-12-02 00:00:00-05:00,323.56231689453125
2021-12-03 00:00:00-05:00,317.1988525390625
2021-12-06 00:00:00-05:00,320.3217468261719
2021-12-07 00:00:00-05:00,328.8946228027344
2021-12-08 00:00:00-05:00,328.94366455078125
2021-12-09 00:00:00-05:00,327.10736083984375
2021-12-10 00:00:00-05:00,336.3775329589844
2021-12-13 00:00:00-05:00,333.2939758300781
2021-12-14 00:00:00-05:00,322.4329833984375
2021-12-15 00:00:00-05:00,328.6294250488281
2021-12-16 00:00:00-05:00,319.0548400878906
2021-12-17 00:00:00-05:00,317.97467041015625
2021-12-20 00:00:00-05:00,314.1546325683594
2021-12-21 00:00:00-05:00,321.40191650390625
2021-12-22 00:00:00-05:00,327.2055358886719
2021-12-23 00:00:00-05:00,328.668701171875
2021-12-27 00:00:00-05:00,336.28912353515625
2021-12-28 00:00:00-05:00,335.1106872558594
2021-12-29 00:00:00-05:00,335.79815673828125
2021-12-30 00:00:00-05:00,333.2154846191406
2021-12-31 00:00:00-05:00,330.2694396972656
2022-01-03 00:00:00-05:00,328.7276611328125
2022-01-04 00:00:00-05:00,323.0909423828125
2022-01-05 00:00:00-05:00,310.6881408691406
2022-01-06 00:00:00-05:00,308.233154296875
2022-01-07 00:00:00-05:00,308.3902282714844
2022-01-10 00:00:00-05:00,308.6160888671875
2022-01-11 00:00:00-05:00,309.3133239746094
2022-01-12 00:00:00-05:00,312.5441589355469
2022-01-13 00:00:00-05:00,299.31646728515625
2022-01-14 00:00:00-05:00,304.61932373046875
2022-01-18 00:00:00-05:00,297.20513916015625
2022-01-19 00:00:00-05:00,297.8728942871094
2022-01-20 00:00:00-05:00,296.17401123046875
2022-01-21 00:00:00-05:00,290.7042541503906
2022-01-24 00:00:00-05:00,291.03814697265625
2022-01-25 00:00:00-05:00,283.2998962402344
2022-01-26 00:00:00-05:00,291.3720397949219
2022-01-27 00:00:00-05:00,294.4456787109375
2022-01-28 00:00:00-05:00,302.7142333984375
2022-01-31 00:00:00-05:00,305.38531494140625
2022-02-01 00:00:00-05:00,303.2052001953125
2022-02-02 00:00:00-05:00,307.8206787109375
2022-02-03 00:00:00-05:00,295.8303527832031
2022-02-04 00:00:00-05:00,300.43597412109375
2022-02-07 00:00:00-05:00,295.5357360839844
2022-02-08 00:00:00-05:00,299.080810546875
2022-02-09 00:00:00-05:00,305.6111755371094
2022-02-10 00:00:00-05:00,296.9400634765625
2022-02-11 00:00:00-05:00,289.7320861816406
2022-02-14 00:00:00-05:00,289.6927490234375
2022-02-15 00:00:00-05:00,295.06439208984375
2022-02-16 00:00:00-05:00,294.7200012207031
2022-02-17 00:00:00-05:00,286.0899353027344
2022-02-18 00:00:00-05:00,283.3345947265625
2022-02-22 00:00:00-05:00,283.1279602050781
2022-02-23 00:00:00-05:00,275.796875
2022-02-24 00:00:00-05:00,289.8883056640625
2022-02-25 00:00:00-05:00,292.5649108886719
2022-02-28 00:00:00-05:00,294.0213317871094
2022-03-01 00:00:00-05:00,290.24261474609375
2022-03-02 00:00:00-05:00,295.39898681640625
2022-03-03 00:00:00-05:00,291.1971130371094
2022-03-04 00:00:00-05:00,285.2338562011719
2022-03-07 00:00:00-05:00,274.45855712890625
2022-03-08 00:00:00-05:00,271.4474182128906
2022-03-09 00:00:00-05:00,283.8955383300781
2022-03-10 00:00:00-05:00,281.031982421875
2022-03-11 00:00:00-05:00,275.6000671386719
2022-03-14 00:00:00-04:00,272.02801513671875
2022-03-15 00:00:00-04:00,282.56707763671875
2022-03-16 00:00:00-04:00,289.6915588378906
2022-03-17 00:00:00-04:00,290.5082702636719
2022-03-18 00:00:00-04:00,295.6351013183594
2022-03-21 00:00:00-04:00,294.38543701171875
2022-03-22 00:00:00-04:00,299.2071838378906
2022-03-23 00:00:00-04:00,294.7100830078125
2022-03-24 00:00:00-04:00,299.24658203125
2022-03-25 00:00:00-04:00,298.833251953125
2022-03-28 00:00:00-04:00,305.7412109375
2022-03-29 00:00:00-04:00,310.3760070800781
2022-03-30 00:00:00-04:00,308.85076904296875
2022-03-31 00:00:00-04:00,303.38934326171875
2022-04-01 00:00:00-04:00,304.481689453125
2022-04-04 00:00:00-04:00,309.94305419921875
2022-04-05 00:00:00-04:00,305.9183044433594
2022-04-06 00:00:00-04:00,294.7200012207031
2022-04-07 00:00:00-04:00,296.5600891113281
2022-04-08 00:00:00-04:00,292.2303771972656
2022-04-11 00:00:00-04:00,280.7072448730469
2022-04-12 00:00:00-04:00,277.5583190917969
2022-04-13 00:00:00-04:00,283.0295715332031
2022-04-14 00:00:00-04:00,275.3638916015625
2022-04-18 00:00:00-04:00,276.0428466796875
2022-04-19 00:00:00-04:00,280.7466125488281
2022-04-20 00:00:00-04:00,281.7896423339844
2022-04-21 00:00:00-04:00,276.3282775878906
2022-04-22 00:00:00-04:00,269.6564636230469
2022-04-25 00:00:00-04:00,276.23968505859375
2022-04-26 00:00:00-04:00,265.9072570800781
2022-04-27 00:00:00-04:00,278.6997985839844
2022-04-28 00:00:00-04:00,285.0074768066406
2022-04-29 00:00:00-04:00,273.0907897949219
2022-05-02 00:00:00-04:00,279.92987060546875
2022-05-03 00:00:00-04:00,277.2828063964844
2022-05-04 00:00:00-04:00,285.3519287109375
2022-05-05 00:00:00-04:00,272.9234924316406
2022-05-06 00:00:00-04:00,270.3453369140625
2022-05-09 00:00:00-04:00,260.3572998046875
2022-05-10 00:00:00-04:00,265.1987609863281
2022-05-11 00:00:00-04:00,256.3915710449219
2022-05-12 00:00:00-04:00,251.27459716796875
2022-05-13 00:00:00-04:00,256.9524841308594
2022-05-16 00:00:00-04:00,257.3264465332031
2022-05-17 00:00:00-04:00,262.5615234375
2022-05-18 00:00:00-04:00,250.60719299316406
2022-05-19 00:00:00-04:00,249.6800537109375
2022-05-20 00:00:00-04:00,249.1079864501953
2022-05-23 00:00:00-04:00,257.08740234375
2022-05-24 00:00:00-04:00,256.07147216796875
2022-05-25 00:00:00-04:00,258.9318542480469
2022-05-26 00:00:00-04:00,262.2656555175781
2022-05-27 00:00:00-04:00,269.5052795410156
2022-05-31 00:00:00-04:00,268.15399169921875
2022-06-01 00:00:00-04:00,268.6965026855469
2022-06-02 00:00:00-04:00,270.8269958496094
2022-06-03 00:00:00-04:00,266.32928466796875
2022-06-06 00:00:00-04:00,265.07666015625
2022-06-07 00:00:00-04:00,268.7754821777344
2022-06-08 00:00:00-04:00,266.7140197753906
2022-06-09 00:00:00-04:00,261.17083740234375
2022-06-10 00:00:00-04:00,249.53211975097656
2022-06-13 00:00:00-04:00,238.94874572753906
2022-06-14 00:00:00-04:00,241.14828491210938
2022-06-15 00:00:00-04:00,248.31890869140625
2022-06-16 00:00:00-04:00,241.62173461914062
2022-06-17 00:00:00-04:00,244.26507568359375
2022-06-21 00:00:00-04:00,250.27186584472656
2022-06-22 00:00:00-04:00,249.67018127441406
2022-06-23 00:00:00-04:00,255.32183837890625
2022-06-24 00:00:00-04:00,264.04107666015625
2022-06-27 00:00:00-04:00,261.26947021484375
2022-06-28 00:00:00-04:00,252.9744110107422
2022-06-29 00:00:00-04:00,256.7027893066406
2022-06-30 00:00:00-04:00,253.3196258544922
2022-07-01 00:00:00-04:00,256.03204345703125
2022-07-05 00:00:00-04:00,259.2573547363281
2022-07-06 00:00:00-04:00,262.5713806152344
2022-07-07 00:00:00-04:00,264.7314758300781
2022-07-08 00:00:00-04:00,264.0016174316406
2022-07-11 00:00:00-04:00,260.89471435546875
2022-07-12 00:00:00-04:00,250.20281982421875
2022-07-13 00:00:00-04:00,249.2657928466797
2022-07-14 00:00:00-04:00,250.60719299316406
2022-07-15 00:00:00-04:00,253.2111053466797
2022-07-18 00:00:00-04:00,250.7748565673828
2022-07-19 00:00:00-04:00,255.98272705078125
2022-07-20 00:00:00-04:00,258.6852722167969
2022-07-21 00:00:00-04:00,261.22015380859375
2022-07-22 00:00:00-04:00,256.8013916015625
2022-07-25 00:00:00-04:00,255.29226684570312
2022-07-26 00:00:00-04:00,248.4569854736328
2022-07-27 00:00:00-04:00,265.06683349609375
2022-07-28 00:00:00-04:00,272.63201904296875
2022-07-29 00:00:00-04:00,276.90283203125
2022-08-01 00:00:00-04:00,274.21014404296875
2022-08-02 00:00:00-04:00,271.063720703125
2022-08-03 00:00:00-04:00,278.609130859375
2022-08-04 00:00:00-04:00,279.7730712890625
2022-08-05 00:00:00-04:00,279.04315185546875
2022-08-08 00:00:00-04:00,276.48858642578125
2022-08-09 00:00:00-04:00,278.44146728515625
2022-08-10 00:00:00-04:00,285.20770263671875
2022-08-11 00:00:00-04:00,283.09698486328125
2022-08-12 00:00:00-04:00,287.9201354980469
2022-08-15 00:00:00-04:00,289.4588317871094
2022-08-16 00:00:00-04:00,288.709228515625
2022-08-17 00:00:00-04:00,287.9480895996094
2022-08-18 00:00:00-04:00,286.8114013671875
2022-08-19 00:00:00-04:00,282.83795166015625
2022-08-22 00:00:00-04:00,274.5351867675781
2022-08-23 00:00:00-04:00,273.2403259277344
2022-08-24 00:00:00-04:00,272.5978698730469
2022-08-25 00:00:00-04:00,275.6224670410156
2022-08-26 00:00:00-04:00,264.98699951171875
2022-08-29 00:00:00-04:00,262.1601257324219
2022-08-30 00:00:00-04:00,259.92620849609375
2022-08-31 00:00:00-04:00,258.443603515625
2022-09-01 00:00:00-04:00,257.385986328125
2022-09-02 00:00:00-04:00,253.0962371826172
2022-09-06 00:00:00-04:00,250.31875610351562
2022-09-07 00:00:00-04:00,255.1027374267578
2022-09-08 00:00:00-04:00,255.52774047851562
2022-09-09 00:00:00-04:00,261.39898681640625
2022-09-12 00:00:00-04:00,263.56365966796875
2022-09-13 00:00:00-04:00,249.07333374023438
2022-09-14 00:00:00-04:00,249.3006591796875
2022-09-15 00:00:00-04:00,242.5398406982422
2022-09-16 00:00:00-04:00,241.90724182128906
2022-09-19 00:00:00-04:00,241.68980407714844
2022-09-20 00:00:00-04:00,239.64376831054688
2022-09-21 00:00:00-04:00,236.18426513671875
2022-09-22 00:00:00-04:00,238.19076538085938
2022-09-23 00:00:00-04:00,235.16619873046875
2022-09-26 00:00:00-04:00,234.70162963867188
2022-09-27 00:00:00-04:00,233.6736602783203
2022-09-28 00:00:00-04:00,238.2797393798828
2022-09-29 00:00:00-04:00,234.7510528564453
2022-09-30 00:00:00-04:00,230.20428466796875
2022-10-03 00:00:00-04:00,237.95355224609375
2022-10-04 00:00:00-04:00,245.99932861328125
2022-10-05 00:00:00-04:00,246.31564331054688
2022-10-06 00:00:00-04:00,243.93350219726562
2022-10-07 00:00:00-04:00,231.52879333496094
2022-10-10 00:00:00-04:00,226.59654235839844
2022-10-11 00:00:00-04:00,222.80101013183594
2022-10-12 00:00:00-04:00,223.13705444335938
2022-10-13 00:00:00-04:00,231.52879333496094
2022-10-14 00:00:00-04:00,225.91452026367188
2022-10-17 00:00:00-04:00,234.7806854248047
2022-10-18 00:00:00-04:00,235.73947143554688
2022-10-19 00:00:00-04:00,233.74285888671875
2022-10-20 00:00:00-04:00,233.41665649414062
2022-10-21 00:00:00-04:00,239.31756591796875
2022-10-24 00:00:00-04:00,244.38821411132812
2022-10-25 00:00:00-04:00,247.75872802734375
2022-10-26 00:00:00-04:00,228.64259338378906
2022-10-27 00:00:00-04:00,224.12547302246094
2022-10-28 00:00:00-04:00,233.13990783691406
2022-10-31 00:00:00-04:00,229.44322204589844
2022-11-01 00:00:00-04:00,225.52903747558594
2022-11-02 00:00:00-04:00,217.5524444580078
2022-11-03 00:00:00-04:00,211.77015686035156
2022-11-04 00:00:00-04:00,218.82752990722656
2022-11-07 00:00:00-05:00,225.23251342773438
2022-11-08 00:00:00-05:00,226.22091674804688
2022-11-09 00:00:00-05:00,221.91139221191406
2022-11-10 00:00:00-05:00,240.16761779785156
2022-11-11 00:00:00-05:00,244.24981689453125
2022-11-14 00:00:00-05:00,238.75418090820312
2022-11-15 00:00:00-05:00,239.16932678222656
2022-11-16 00:00:00-05:00,239.60543823242188
2022-11-17 00:00:00-05:00,239.55587768554688
2022-11-18 00:00:00-05:00,239.0998992919922
2022-11-21 00:00:00-05:00,239.92263793945312
2022-11-22 00:00:00-05:00,242.87643432617188
2022-11-23 00:00:00-05:00,245.40402221679688
2022-11-25 00:00:00-05:00,245.3148193359375
2022-11-28 00:00:00-05:00,239.6351776123047
2022-11-29 00:00:00-05:00,238.21775817871094
2022-11-30 00:00:00-05:00,252.89756774902344
2022-12-01 00:00:00-05:00,252.4515380859375
2022-12-02 00:00:00-05:00,252.77865600585938
2022-12-05 00:00:00-05:00,248.00099182128906
2022-12-06 00:00:00-05:00,242.9656219482422
2022-12-07 00:00:00-05:00,242.22222900390625
2022-12-08 00:00:00-05:00,245.22561645507812
2022-12-09 00:00:00-05:00,243.2630157470703
2022-12-12 00:00:00-05:00,250.2906951904297
2022-12-13 00:00:00-05:00,254.6619415283203
2022-12-14 00:00:00-05:00,254.9593048095703
2022-12-15 00:00:00-05:00,246.8214569091797
2022-12-16 00:00:00-05:00,242.5394287109375
2022-12-19 00:00:00-05:00,238.33668518066406
2022-12-20 00:00:00-05:00,239.67483520507812
2022-12-21 00:00:00-05:00,242.2816925048828
2022-12-22 00:00:00-05:00,236.0965576171875
2022-12-23 00:00:00-05:00,236.6317901611328
2022-12-27 00:00:00-05:00,234.8773651123047
2022-12-28 00:00:00-05:00,232.46871948242188
2022-12-29 00:00:00-05:00,238.8917694091797
2022-12-30 00:00:00-05:00,237.71221923828125
2023-01-03 00:00:00-05:00,237.47433471679688
2023-01-04 00:00:00-05:00,227.08645629882812
2023-01-05 00:00:00-05:00,220.3561248779297
2023-01-06 00:00:00-05:00,222.9530792236328
2023-01-09 00:00:00-05:00,225.12384033203125
2023-01-10 00:00:00-05:00,226.83865356445312
2023-01-11 00:00:00-05:00,233.6978302001953
2023-01-12 00:00:00-05:00,236.4137420654297
2023-01-13 00:00:00-05:00,237.12741088867188
2023-01-17 00:00:00-05:00,238.23757934570312
2023-01-18 00:00:00-05:00,233.73745727539062
2023-01-19 00:00:00-05:00,229.8915557861328
2023-01-20 00:00:00-05:00,238.1087188720703
2023-01-23 00:00:00-05:00,240.44796752929688
2023-01-24 00:00:00-05:00,239.9127197265625
2023-01-25 00:00:00-05:00,238.4952850341797
2023-01-26 00:00:00-05:00,245.82034301757812
2023-01-27 00:00:00-05:00,245.97894287109375
2023-01-30 00:00:00-05:00,240.57684326171875
2023-01-31 00:00:00-05:00,245.6320037841797
2023-02-01 00:00:00-05:00,250.52859497070312
2023-02-02 00:00:00-05:00,262.27447509765625
2023-02-03 00:00:00-05:00,256.0793762207031
2023-02-06 00:00:00-05:00,254.5132598876953
2023-02-07 00:00:00-05:00,265.2084045410156
2023-02-08 00:00:00-05:00,264.3857116699219
2023-02-09 00:00:00-05:00,261.3030090332031
2023-02-10 00:00:00-05:00,260.7876281738281
2023-02-13 00:00:00-05:00,268.93536376953125
2023-02-14 00:00:00-05:00,269.7779235839844
2023-02-15 00:00:00-05:00,267.6216125488281
2023-02-16 00:00:00-05:00,260.4967956542969
2023-02-17 00:00:00-05:00,256.4325866699219
2023-02-21 00:00:00-05:00,251.0765838623047
2023-02-22 00:00:00-05:00,249.9239044189453
2023-02-23 00:00:00-05:00,253.16334533691406
2023-02-24 00:00:00-05:00,247.6483612060547
2023-02-27 00:00:00-05:00,248.58242797851562
2023-02-28 00:00:00-05:00,247.84707641601562
2023-03-01 00:00:00-05:00,244.71694946289062
2023-03-02 00:00:00-05:00,249.52642822265625
2023-03-03 00:00:00-05:00,253.6800537109375
2023-03-06 00:00:00-05:00,255.25010681152344
2023-03-07 00:00:00-05:00,252.54725646972656
2023-03-08 00:00:00-05:00,252.10008239746094
2023-03-09 00:00:00-05:00,250.7288055419922
2023-03-10 00:00:00-05:00,247.02230834960938
2023-03-13 00:00:00-04:00,252.31869506835938
2023-03-14 00:00:00-04:00,259.1453857421875
2023-03-15 00:00:00-04:00,263.76605224609375
2023-03-16 00:00:00-04:00,274.4582214355469
2023-03-17 00:00:00-04:00,277.6678466796875
2023-03-20 00:00:00-04:00,270.5132141113281
2023-03-21 00:00:00-04:00,272.053466796875
2023-03-22 00:00:00-04:00,270.5728454589844
2023-03-23 00:00:00-04:00,275.90899658203125
2023-03-24 00:00:00-04:00,278.8006591796875
2023-03-27 00:00:00-04:00,274.6370849609375
2023-03-28 00:00:00-04:00,273.4943542480469
2023-03-29 00:00:00-04:00,278.74102783203125
2023-03-30 00:00:00-04:00,282.2586975097656
2023-03-31 00:00:00-04:00,286.48187255859375
2023-04-03 00:00:00-04:00,285.4186706542969
2023-04-04 00:00:00-04:00,285.3689270019531
2023-04-05 00:00:00-04:00,282.5468444824219
2023-04-06 00:00:00-04:00,289.7611083984375
2023-04-10 00:00:00-04:00,287.5650329589844
2023-04-11 00:00:00-04:00,281.04638671875
2023-04-12 00:00:00-04:00,281.7022399902344
2023-04-13 00:00:00-04:00,288.0121765136719
2023-04-14 00:00:00-04:00,284.33551025390625
2023-04-17 00:00:00-04:00,286.9787292480469
2023-04-18 00:00:00-04:00,286.55145263671875
2023-04-19 00:00:00-04:00,286.6309509277344
2023-04-20 00:00:00-04:00,284.3056640625
2023-04-21 00:00:00-04:00,283.9579162597656
2023-04-24 00:00:00-04:00,279.9930725097656
2023-04-25 00:00:00-04:00,273.6831359863281
2023-04-26 00:00:00-04:00,293.5072937011719
2023-04-27 00:00:00-04:00,302.9076232910156
2023-04-28 00:00:00-04:00,305.32232666015625
2023-05-01 00:00:00-04:00,303.633056640625
2023-05-02 00:00:00-04:00,303.4840087890625
2023-05-03 00:00:00-04:00,302.4803466796875
2023-05-04 00:00:00-04:00,303.4840087890625
2023-05-05 00:00:00-04:00,308.69097900390625
2023-05-08 00:00:00-04:00,306.70355224609375
2023-05-09 00:00:00-04:00,305.06396484375
2023-05-10 00:00:00-04:00,310.3404846191406
2023-05-11 00:00:00-04:00,308.15435791015625
2023-05-12 00:00:00-04:00,307.02154541015625
2023-05-15 00:00:00-04:00,307.5084533691406
2023-05-16 00:00:00-04:00,309.7740783691406
2023-05-17 00:00:00-04:00,312.7019348144531
2023-05-18 00:00:00-04:00,317.2032470703125
2023-05-19 00:00:00-04:00,317.0239562988281
2023-05-22 00:00:00-04:00,319.85223388671875
2023-05-23 00:00:00-04:00,313.9566955566406
2023-05-24 00:00:00-04:00,312.55255126953125
2023-05-25 00:00:00-04:00,324.5726318359375
2023-05-26 00:00:00-04:00,331.51385498046875
2023-05-30 00:00:00-04:00,329.84075927734375
2023-05-31 00:00:00-04:00,327.0324401855469
2023-06-01 00:00:00-04:00,331.205078125
2023-06-02 00:00:00-04:00,334.0134582519531
2023-06-05 00:00:00-04:00,334.5512390136719
2023-06-06 00:00:00-04:00,332.300537109375
2023-06-07 00:00:00-04:00,322.04315185546875
2023-06-08 00:00:00-04:00,323.9153747558594
2023-06-09 00:00:00-04:00,325.4390563964844
2023-06-12 00:00:00-04:00,330.4781494140625
2023-06-13 00:00:00-04:00,332.9080505371094
2023-06-14 00:00:00-04:00,335.9454345703125
2023-06-15 00:00:00-04:00,346.66094970703125
2023-06-16 00:00:00-04:00,340.914794921875
2023-06-20 00:00:00-04:00,336.6524963378906
2023-06-21 00:00:00-04:00,332.1810302734375
2023-06-22 00:00:00-04:00,338.3056335449219
2023-06-23 00:00:00-04:00,333.635009765625
2023-06-26 00:00:00-04:00,327.2415771484375
2023-06-27 00:00:00-04:00,333.1868896484375
2023-06-28 00:00:00-04:00,334.46160888671875
2023-06-29 00:00:00-04:00,333.6648864746094
2023-06-30 00:00:00-04:00,339.1322021484375
2023-07-03 00:00:00-04:00,336.5927429199219
2023-07-05 00:00:00-04:00,336.7520751953125
2023-07-06 00:00:00-04:00,339.85919189453125
2023-07-07 00:00:00-04:00,335.825927734375
2023-07-10 00:00:00-04:00,330.45819091796875
2023-07-11 00:00:00-04:00,331.0955810546875
2023-07-12 00:00:00-04:00,335.8059997558594
2023-07-13 00:00:00-04:00,341.2434387207031
2023-07-14 00:00:00-04:00,343.8127746582031
2023-07-17 00:00:00-04:00,344.3007507324219
2023-07-18 00:00:00-04:00,358.00384521484375
2023-07-19 00:00:00-04:00,353.6120910644531
2023-07-20 00:00:00-04:00,345.43603515625
2023-07-21 00:00:00-04:00,342.3488464355469
2023-07-24 00:00:00-04:00,343.68328857421875
2023-07-25 00:00:00-04:00,349.529052734375
2023-07-26 00:00:00-04:00,336.3736572265625
2023-07-27 00:00:00-04:00,329.352783203125
2023-07-28 00:00:00-04:00,336.9711608886719
2023-07-31 00:00:00-04:00,334.53131103515625
2023-08-01 00:00:00-04:00,334.9495544433594
2023-08-02 00:00:00-04:00,326.1461181640625
2023-08-03 00:00:00-04:00,325.3095703125
2023-08-04 00:00:00-04:00,326.4249572753906
2023-08-07 00:00:00-04:00,328.74530029296875
2023-08-08 00:00:00-04:00,324.70208740234375
2023-08-09 00:00:00-04:00,320.8979187011719
2023-08-10 00:00:00-04:00,321.594970703125
2023-08-11 00:00:00-04:00,319.6829528808594
2023-08-14 00:00:00-04:00,322.700439453125
2023-08-15 00:00:00-04:00,320.5293884277344
2023-08-16 00:00:00-04:00,319.7510070800781
2023-08-17 00:00:00-04:00,316.2381591796875
2023-08-18 00:00:00-04:00,315.8389587402344
2023-08-21 00:00:00-04:00,321.22802734375
2023-08-22 00:00:00-04:00,321.80682373046875
2023-08-23 00:00:00-04:00,326.337646484375
2023-08-24 00:00:00-04:00,319.3218994140625
2023-08-25 00:00:00-04:00,322.3258056640625
2023-08-28 00:00:00-04:00,323.0443420410156
2023-08-29 00:00:00-04:00,327.7447814941406
2023-08-30 00:00:00-04:00,328.1240234375
2023-08-31 00:00:00-04:00,327.09613037109375
2023-09-01 00:00:00-04:00,327.9942932128906
2023-09-05 00:00:00-04:00,332.8743591308594
2023-09-06 00:00:00-04:00,332.20574951171875
2023-09-07 00:00:00-04:00,329.24176025390625
2023-09-08 00:00:00-04:00,333.5928955078125
2023-09-11 00:00:00-04:00,337.2554931640625
2023-09-12 00:00:00-04:00,331.09796142578125
2023-09-13 00:00:00-04:00,335.3793029785156
2023-09-14 00:00:00-04:00,338.0139465332031
2023-09-15 00:00:00-04:00,329.5511169433594
2023-09-18 00:00:00-04:00,328.3934631347656
2023-09-19 00:00:00-04:00,327.9842834472656
2023-09-20 00:00:00-04:00,320.1202697753906
2023-09-21 00:00:00-04:00,318.8827819824219
2023-09-22 00:00:00-04:00,316.3678894042969
2023-09-25 00:00:00-04:00,316.8968200683594
2023-09-26 00:00:00-04:00,311.50775146484375
2023-09-27 00:00:00-04:00,312.15643310546875
2023-09-28 00:00:00-04:00,313.0047302246094
2023-09-29 00:00:00-04:00,315.1104431152344
2023-10-02 00:00:00-04:00,321.1481628417969
2023-10-03 00:00:00-04:00,312.7552185058594
2023-10-04 00:00:00-04:00,318.3139343261719
2023-10-05 00:00:00-04:00,318.7131042480469
2023-10-06 00:00:00-04:00,326.5971374511719
2023-10-09 00:00:00-04:00,329.1519470214844
2023-10-10 00:00:00-04:00,327.724853515625
2023-10-11 00:00:00-04:00,331.7466735839844
2023-10-12 00:00:00-04:00,330.4892272949219
2023-10-13 00:00:00-04:00,327.0661926269531
2023-10-16 00:00:00-04:00,331.96624755859375
2023-10-17 00:00:00-04:00,331.38739013671875
2023-10-18 00:00:00-04:00,329.44134521484375
2023-10-19 00:00:00-04:00,330.6488952636719
2023-10-20 00:00:00-04:00,326.0083312988281
2023-10-23 00:00:00-04:00,328.6529541015625
2023-10-24 00:00:00-04:00,329.8605041503906
2023-10-25 00:00:00-04:00,339.97998046875
2023-10-26 00:00:00-04:00,327.2258605957031
2023-10-27 00:00:00-04:00,329.1419677734375
2023-10-30 00:00:00-04:00,336.62677001953125
2023-10-31 00:00:00-04:00,337.4251403808594
2023-11-01 00:00:00-04:00,345.3690185546875
2023-11-02 00:00:00-04:00,347.6144714355469
2023-11-03 00:00:00-04:00,352.08538818359375
2023-11-06 00:00:00-05:00,355.8078308105469
2023-11-07 00:00:00-05:00,359.79974365234375
2023-11-08 00:00:00-05:00,362.4643249511719
2023-11-09 00:00:00-05:00,359.95941162109375
2023-11-10 00:00:00-05:00,368.9212341308594
2023-11-13 00:00:00-05:00,365.937255859375
2023-11-14 00:00:00-05:00,369.5199890136719
2023-11-15 00:00:00-05:00,369.6700134277344
2023-11-16 00:00:00-05:00,376.1700134277344
2023-11-17 00:00:00-05:00,369.8500061035156
2023-11-20 00:00:00-05:00,377.44000244140625
2023-11-21 00:00:00-05:00,373.07000732421875
2023-11-22 00:00:00-05:00,377.8500061035156
2023-11-24 00:00:00-05:00,377.42999267578125
2023-11-27 00:00:00-05:00,378.6099853515625
2023-11-28 00:00:00-05:00,382.70001220703125
2023-11-29 00:00:00-05:00,378.8500061035156
2023-11-30 00:00:00-05:00,378.9100036621094
2023-12-01 00:00:00-05:00,374.510009765625
2023-12-04 00:00:00-05:00,369.1400146484375
2023-12-05 00:00:00-05:00,372.5199890136719
2023-12-06 00:00:00-05:00,368.79998779296875
2023-12-07 00:00:00-05:00,370.95001220703125
2023-12-08 00:00:00-05:00,374.2300109863281
2023-12-11 00:00:00-05:00,371.29998779296875
2023-12-12 00:00:00-05:00,374.3800048828125
